,Match,Definition,Score,Rationale,Questions
1,sex' means,"The term biological sex means the indication of male or female sex by reproductive potential or capacity, sex chromosomes, naturally occurring sex hormones, gonads, or internal or external genitalia present at birth.",1,,
2,biological sex' means,"The term biological sex means the indication of male or female sex by reproductive potential or capacity, sex chromosomes, naturally occurring sex hormones, gonads, or internal or external genitalia present at birth.",1,,
3,orientation includes,"Discrimination based on sexual orientation includes discrimination based on an individual's actual or perceived romantic, emotional, physical, or sexual attraction to other persons, or lack thereof, on the basis of gender.",1,,
4,gender identity' means,"The term gender identity means the gender-related identity, appearance, mannerisms, or other gender-related characteristics of an individual, regardless of the individual's designated sex at birth.",1,,
5,orientation' means,"The term sexual orientation means homosexuality, heterosexuality, or bisexuality.",1,,
6,gender transition procedure' means,"The term gender transition procedure means any medical or surgical service which seeks to alter or remove physiological or anatomical characteristics or features which are typical for the individual's biological sex, or to instill or create physiological or anatomical characteristics which resemble a sex different from the individual's birth sex, for the purpose of gender transition, including--``(I) physician's services and inpatient and outpatient hospital services, including gender transition surgery, and``(II) prescribed drugs related to gender transition, including puberty-blocking drugs, cross-sex hormones, or other mechanisms to promote the development of feminizing or masculinizing features (in the opposite sex).``(ii) Exceptions.--Such term does not include--``(I) services for treatment of a medically-verifiable disorder of sex development, including--``(aa) external biological sex characteristics which are irresolvably ambiguous, such as presence of 46 XX chromosomes with virilization, 46 XY chromosomes with undervirilization, or both ovarian and testicular tissue, or``(bb) other physician-diagnosed disorder of sexual development, with respect to which the physician has determined through genetic or biochemical testing that the individual does not have normal sex chromosome structure, sex steroid hormone production, or sex steroid hormone action for a biological male or biological female, or``(II) treatment of any infection, injury, disease, or disorder caused or exacerbated by the performance of any gender transition procedure, whether or not the gender transition procedure was performed in accordance with State and Federal law or whether not a deduction for expenses in connection with the gender transition procedure is allowable under this chapter.",0,"pathology: does not count ""medically-verifiable disorder of sex development"" as gender transition procedure",Does procedure imply change in sex?
7,gender' means,"The term gender means the psychological, behavioral, social, and cultural aspects of being male or female.",1,,
8,gender transition' means,"The term gender transition means the process in which an individual goes from identifying with and living as a gender that corresponds to his or her biological sex to identifying with and living as a gender different from his or her biological sex, and may involve social, legal, or physical changes.",0,gender/sex conflation: assumes gender transition to be directly related to biological sex change,
9,gender transition surgery' means,"In general.--The term `gender transition surgery' means any surgical service, including genital or non-genital surgery, performed for the purpose of assisting an individual with a gender transition.",,,
10,-sex hormones' means,"hormones.--The term `cross-sex hormones' means testosterone or other androgens given to biological females at doses which are profoundly larger or more potent than would normally occur naturally in healthy biological females, and estrogen given to biological males at doses which are profoundly larger or more potent than would normally occur naturally in healthy biological males.",,,
11,sex hormones' means,"hormones.--The term `cross-sex hormones' means testosterone or other androgens given to biological females at doses which are profoundly larger or more potent than would normally occur naturally in healthy biological females, and estrogen given to biological males at doses which are profoundly larger or more potent than would normally occur naturally in healthy biological males.",,,
12,sex'' means,"Biological sex.--The term ``biological sex'' means the biological indication of male and female as determined by reproductive potential or capacity, such as sex chromosomes, naturally occurring sex hormones, gonads, and nonambiguous internal and external genitalia present at birth, without regard to a person's psychological, chosen, or subjective experience of gender.(2)",,,
13,biological sex'' means,"Biological sex.--The term ``biological sex'' means the biological indication of male and female as determined by reproductive potential or capacity, such as sex chromosomes, naturally occurring sex hormones, gonads, and nonambiguous internal and external genitalia present at birth, without regard to a person's psychological, chosen, or subjective experience of gender.(2)",,,
14,gender identity'' means,"Gender identity.--The term ``gender identity'' means a person's self-perception of their gender or claimed gender, regardless of the person's biological sex.(5)",,,
15,gender transition'' includes,"In general.--The term ``gender transition'' includes both medical transition and social transition.(B) Medical transition.--The term ``medical transition'' means any medical, hormonal, or surgical intervention undertaken to alter the body of a person in order to assert an identity incongruent with biological sex or undertaken to create or facilitate the development of physiological or anatomical characteristics that resemble a sex different from the person's biological sex.(C)",,,
16,"gender harassment, which includes","According to the report issued by the National Academies of Sciences, Engineering, and Medicine in 2018 entitled ``Sexual Harassment of Women: Climate, Culture, and Consequences in Academic Sciences, Engineering, and Medicine''--(A) sexual harassment is pervasive in institutions of higher education;(B) the most common type of sexual harassment is gender harassment, which includes verbal and nonverbal behaviors that convey insulting, hostile, and degrading attitudes about members of one gender;(C) 58 percent of individuals in the academic workplace experience sexual harassment, the second highest rate when compared to the military, the private sector, and Federal, State, and local government;(D) women who are members of racial or ethnic minority groups are more likely to experience sexual harassment and to feel unsafe at work than White women, White men, or men who are members of such groups;(E) the training for each individual who has a doctor of philosophy in the science, technology, engineering, and mathematics fields is estimated to cost approximately $500,000; and(F) attrition of an individual so trained results in a loss of talent and money.(2) Sexual harassment undermines career advancement for women.(3)",,,
17,gender harassment'' means,"Federal science agency.--The term ``Federal science agency'' means any Federal agency with an annual extramural research expenditure of over $100,000,000.(4) Finding or determination.--The term ``finding or determination'' means the final disposition of a matter involving a violation of organizational policies and processes, to include the exhaustion of permissible appeals, or a conviction of a sexual offense in a criminal court of law.(5) Gender harassment.--The term ``gender harassment'' means verbal and nonverbal behaviors that convey hostility, objectification, exclusion, or second-class status about one's gender, gender identity, gender presentation, sexual orientation, or pregnancy status.(6) Grantee.--The term ``grantee'' means the legal entity to which a grant is awarded and that is accountable to the Federal Government for the use of the funds provided.(7)",,,
18,gender analysis'' means,Gender analysis.--The term ``gender analysis'' means the examination of the differential impact of policies on different genders.(4),,,
19,gender-based violence''--(A) means,"Gender-based violence.--The term ``gender-based violence''--(A) means any harmful threat or act directed at an individual or group based on actual or perceived biological sex, gender identity or expression, sexual orientation, or lack of adherence to varying socially constructed norms around masculinity and femininity;(B) is rooted in structural gender inequalities, patriarchy, and power imbalances; and(C) includes the use or threat of physical, psychological, sexual, economic, legal, political, social and other forms of control or abuse.(5) Office.--The term ``Office'' means the Office of Global Women's Issues established by the Secretary of State pursuant to section 201(a).(6) Senior coordinator.--The term ``Senior Coordinator'' means the Senior Coordinator for Gender Equality and Women's Empowerment at the United States Agency for International Development appointed pursuant to section 202.(7) Violence against women and girls.--The term ``violence against women and girls''--(A) means any act of violence against women or girls that results in, or is likely to result in, physical, sexual, or psychological harm or suffering to women or girls, including threats of such acts, coercion, or arbitrary deprivations of liberty, whether occurring in public or private life; and(B) includes--(i) physical, sexual, and psychological violence occurring in the family, including battering, sexual abuse of female children in the household, dowry-related violence, marital rape, female genital cutting and mutilation, forced child marriage, and other harmful practices to women and girls, nonspousal violence, and violence related to exploitation;(ii) physical, sexual, and psychological violence occurring within the general community, including rape, sexual abuse, sexual harassment and intimidation at work, in educational institutions and elsewhere, trafficking in women and girls, and forced prostitution; and(iii) physical, sexual, and psychological violence perpetrated or condoned by the state, wherever it occurs.",,,
20,gender identity'' means,"Gender identity.--The term ``gender identity'' means an individual's sense of being male, female, transgender, or another gender, as distinct from the individual's sex assigned at birth.(4)",,,
21,orientation'' means,"Sexual orientation.--The term ``sexual orientation'' means how a person identifies in terms of their emotional, romantic, or sexual attractions, and includes identification as straight, heterosexual, gay, lesbian, or bisexual, among other terms.(5) Survey.--The term ``survey'' means a data collection activity involving observation or questionnaires for a sample of a population and includes the decennial census.",,,
22,gender identity' means,"Gender identity.--The term `gender identity' means the gender-related identity, appearance, mannerisms, or other gender-related characteristics of an individual, regardless of the individual's designated sex at birth.",,,
23,orientation' means,"``(5) Sexual orientation.--The term `sexual orientation' means homosexuality, heterosexuality, or bisexuality.",,,
24,gender identity' means,"The term `gender identity' means the gender-related identity, appearance, mannerisms, or other gender-related characteristics of an individual, without regard to the individual's designated sex at birth.",,,
25,orientation' means,"The term `sexual orientation' means homosexuality, heterosexuality, or bisexuality.",,,
26,gender identity' means,"The term `gender identity' means the gender-related identity, appearance, mannerisms, or other gender-related characteristics of an individual, without regard to the individual's designated sex at birth.",,,
27,orientation' means,"The term `sexual orientation' means homosexuality, heterosexuality, or bisexuality.''.",,,
28,gender identity' means,"The term `gender identity' means the gender-related identity, appearance, mannerisms, or other gender-related characteristics of an individual, without regard to the individual's designated sex at birth.",,,
29,orientation' means,"The term `sexual orientation' means homosexuality, heterosexuality, or bisexuality.",,,
30,orientation' means,"`Sexual orientation' means homosexuality, heterosexuality, or bisexuality.",,,
31,orientation' means,"The term `sexual orientation' means homosexuality, heterosexuality, or bisexuality.",,,
32,gender identity' means,"The term `gender identity' means the gender-related identity, appearance, mannerisms, or other gender-related characteristics of an individual, without regard to the individual's designated sex at birth.",,,
33,gender identity' means,"The term `gender identity' means the gender-related identity, appearance, mannerisms, or other gender-related characteristics of an individual, without regard to the individual's designated sex at birth.",,,
34,orientation' means,"The term `sexual orientation' means homosexuality, heterosexuality, or bisexuality.''; and(3) in section 705, by inserting ``, sexual orientation, gender identity,'' after ``sex''.(e) Discrimination in Refugee Resettlement Prohibited.--Section 412(a)(5) of the Immigration and Nationality Act (8 U.S.C. 1522(a)(5)) is amended by inserting ``sexual orientation, gender identity,'' after ``sex,''.(f) Safe Schools.--Title IV of the Elementary and Secondary Education Act of 1965 (20 U.S.C. 7101 et seq.) is amended by adding at the end the following: ``PART G--SAFE SCHOOLS IMPROVEMENT``SEC.",,,
35,gender identity'' means,"Gender identity.--The term ``gender identity'' means the gender-related identity, appearance, mannerisms, or other gender-related characteristics of an individual, regardless of the individual's designated sex at birth.(5) National gender equity infrastructure.--The term ``national gender equity infrastructure'' means the horizontal and vertical network of title IX coordinators and their allies who work to advance gender equity and eliminate discrimination in the United States.(6)",,,
36,gender equity infrastructure'' means,"Gender identity.--The term ``gender identity'' means the gender-related identity, appearance, mannerisms, or other gender-related characteristics of an individual, regardless of the individual's designated sex at birth.(5) National gender equity infrastructure.--The term ``national gender equity infrastructure'' means the horizontal and vertical network of title IX coordinators and their allies who work to advance gender equity and eliminate discrimination in the United States.(6)",,,
37,orientation'' means,"Sexual orientation.--The term ``sexual orientation'' means homosexuality, heterosexuality, or bisexuality.(9)",,,
38,orientation' means,"``(r) `Sexual orientation' means homosexuality, heterosexuality, or bisexuality.'';(2) in section 804, by inserting ``(including sexual orientation and gender identity)''",,,
39,gender specific services' means,"Gender Specific Services.--In this section, the term `gender specific services' means mammography, obstetric care, gynecological care, and such other services as the Secretary determines appropriate.''.(b)",,,
40,gender identity'' means,"Gender identity.--The term ``gender identity'' means the gender-related identity, appearance, mannerisms, or other gender-related characteristics of an individual, regardless of the individual's designated sex at birth.(4) Pat-down.--The term ``pat-down'' means a physical inspection of a passenger's body, including the inspection of the head, hair, torso, breasts, groin, buttocks, or other body parts.",,,
41,gender identity'' means,"Gender identity.--The term ``gender identity'' means the gender-related identity, appearance, mannerisms, or other gender-related characteristics of an individual, regardless of the designated sex of the individual at birth.(5) Religion; sex (including sexual orientation and gender identity), or marital status.--The term ``religion, sex (including sexual orientation and gender identity), or marital status'', used with respect to an individual, includes--(A) the religion, sex (including sexual orientation and gender identity), or marital status, respectively, of another person with whom the individual is or has been associated; and(B) a perception or belief, even if inaccurate, concerning the religion, sex (including sexual orientation and gender identity), or marital status, respectively, of the individual.(6) Secretary.--The term ``Secretary'' means the Secretary of Health and Human Services.(7)",,,
42,orientation'' means,"Sexual orientation.--The term ``sexual orientation'' means homosexuality, heterosexuality, or bisexuality.(9) State.--The term ``State'' means each of the 50 States of the United States, the District of Columbia, the Commonwealth of Puerto Rico, the United States Virgin Islands, Guam, the Commonwealth of the Northern Mariana Islands, and American Samoa.",,,
43,gender identity'' means,"Gender identity.--The term ``gender identity'' means an individual's sense of being male, female, transgender, or another gender, as distinct from the individual's sex assigned at birth.(2) Sexual orientation.--The term ``sexual orientation'' means how a person identifies in terms of their emotional, romantic, or sexual attractions, and includes identification as straight, heterosexual, gay, lesbian, or bisexual, among other terms.(c) Authorization.--There is authorized to be appropriated $25,000,000 for fiscal year 2022 to carry out this section.",,,
44,orientation'' means,"Gender identity.--The term ``gender identity'' means an individual's sense of being male, female, transgender, or another gender, as distinct from the individual's sex assigned at birth.(2) Sexual orientation.--The term ``sexual orientation'' means how a person identifies in terms of their emotional, romantic, or sexual attractions, and includes identification as straight, heterosexual, gay, lesbian, or bisexual, among other terms.(c) Authorization.--There is authorized to be appropriated $25,000,000 for fiscal year 2022 to carry out this section.",,,
45,sex'' means,"Biological sex.--The term ``biological sex'' means the biological indication of male or female in the context of reproductive potential or capacity, including sex chromosomes, naturally occurring sex hormones, gonads, and nonambiguous internal and external genitalia present at birth.(3) ESEA terms.--The terms ``elementary school'' and ``parent'' have the meanings given such terms in section 8101 of the Elementary and Secondary Education Act of 1965 (20 U.S.C. 7801).(4)",,,
46,biological sex'' means,"Biological sex.--The term ``biological sex'' means the biological indication of male or female in the context of reproductive potential or capacity, including sex chromosomes, naturally occurring sex hormones, gonads, and nonambiguous internal and external genitalia present at birth.(3) ESEA terms.--The terms ``elementary school'' and ``parent'' have the meanings given such terms in section 8101 of the Elementary and Secondary Education Act of 1965 (20 U.S.C. 7801).(4)",,,
47,gender identity'' means,"Gender identity.--The term ``gender identity'' means an individual's perception of their own gender or claimed gender, regardless of the biological sex of the individual.(5) Lesson.--The term ``lesson'' means a planned and structured period of learning.(6) Secretary.--The term ``Secretary'' means the Secretary of Education.(7)",,,
48,orientation'' means,"Sexual orientation.--The term ``sexual orientation'' means an individual's actual or perceived romantic, physical or sexual attraction to other individuals, or lack thereof, on the basis of gender.(8) Transgender individual.--The term ``transgender individual'' means an individual whose gender identity or behavior does not conform to that typically associated with the biological sex of the individual.(9) Transgender studies.--The term ``transgender studies'' means the study of transgender individuals.",,,
49,gender identity'' means,"Gender identity.--The term ``gender identity'' means the gender-related identity, appearance, mannerisms, or other gender-related characteristics of an individual, regardless of the individual's designated sex at birth.(3) Person.--The term ``person'' means any individual, partnership, corporation, cooperative, association, or any other entity.(4)",,,
50,orientation'' means,"Sexual orientation.--The term ``sexual orientation'' means homosexuality, heterosexuality, or bisexuality.",,,
51,gender identity'' means,"Gender identity.--The term ``gender identity'' means, with respect to an individual, such individual's sense of being male, female, transgender, or another gender, as distinct from the individual's sex assigned at birth.(2) Sexual orientation.--The term ``sexual orientation'' means, with respect to an individual, how such individual identifies in terms of their emotional, romantic, or sexual attractions, and includes identification as straight, heterosexual, gay, lesbian, or bisexual, among other identifications.",,,
52,orientation'' means,"Gender identity.--The term ``gender identity'' means, with respect to an individual, such individual's sense of being male, female, transgender, or another gender, as distinct from the individual's sex assigned at birth.(2) Sexual orientation.--The term ``sexual orientation'' means, with respect to an individual, how such individual identifies in terms of their emotional, romantic, or sexual attractions, and includes identification as straight, heterosexual, gay, lesbian, or bisexual, among other identifications.",,,
53,gender identity' means,"Gender identity.--The term `gender identity' means, with respect to an individual, such individual's sense of being male, female, transgender, or another gender, as distinct from the individual's sex assigned at birth.",,,
54,orientation' means,"Sexual orientation.--The term `sexual orientation' means, with respect to an individual, how such individual identifies in terms of their emotional, romantic, or sexual attractions, and includes identification as straight, heterosexual, gay, lesbian, or bisexual, among other identifications.''.",,,
55,gender identity' means,"Gender identity.--The term `gender identity' means the gender-related identity, appearance, mannerisms, or other gender-related characteristics of an individual, regardless of the individual's designated sex at birth.",,,
56,orientation' means,"Sexual orientation.--The term `sexual orientation' means homosexuality, heterosexuality, or bisexuality.''.(b)",,,
57,sex' means,"Biological sex.--The term `biological sex' means the biological classification of male and female in the context of reproductive potential or capacity, as indicated by sex chromosomes, naturally occurring sex hormones, gonads, and nonambiguous internal and external genitalia present at birth, without regard to a person's psychological, chosen, or subjectively experienced sense of identity or gender.",,,
58,biological sex' means,"Biological sex.--The term `biological sex' means the biological classification of male and female in the context of reproductive potential or capacity, as indicated by sex chromosomes, naturally occurring sex hormones, gonads, and nonambiguous internal and external genitalia present at birth, without regard to a person's psychological, chosen, or subjectively experienced sense of identity or gender.",,,
59,gender identity' means,"Gender identity.--The term `gender identity' means a person's self-perceived identity, self-concept, or asserted gender, regardless of the person's biological sex.",,,
60,gender identity'' means,"Gender identity.--The term ``gender identity'' means the gender-related identity, appearance, or mannerisms or other gender-related characteristics of an individual, regardless of the individual's designated sex at birth.(3) Intersex.--The term ``intersex'' means individuals born with sex characteristics (including genitals, gonads, or chromosome patterns) that vary from typical binary notions of male or female bodies and is an umbrella term used to describe a wide range of natural bodily variations.(4) LGBTQI.--The term ``LGBTQI'' means lesbian, gay, bisexual, transgender, queer, or intersex.(5)",,,
61,orientation'' means,"Sexual orientation.--The term ``sexual orientation'' means actual or perceived homosexuality, heterosexuality, or bisexuality.",,,
62,sex includes,"&lt;all&gt;</pre></body></html>""From the U.S. Government Publishing OfficeH.R. 6085 Introduced in House (IH)&lt;DOC&gt;117th CONGRESS1st SessionH. R. 6085 To amend the Fair Labor Standards Act of 1938 to provide that sex includes sexual orientation and gender identity, and for otherpurposes.",,,
63,sex includes,"IN THE HOUSE OF REPRESENTATIVES November 30, 2021 Mr. Brown of Maryland (for himself, Mr. Higgins of New York, Mr.Kildee, Mrs. Carolyn B. Maloney of New York, Mr. Moulton, Ms. Roybal-Allard, and Mr. Tonko) introduced the following bill; which was referred to the Committee on Education and Labor A BILLTo amend the Fair Labor Standards Act of 1938 to provide that sex includes sexual orientation and gender identity, and for otherpurposes.",,,
64,orientation' includes,"`Sexual orientation' includes homosexuality, heterosexuality, and bisexuality.",,,
65,gender expression'' means,"Gender expression.--The term ``gender expression'' means the expression of one's gender, such as through behavior, clothing, haircut, or voice, and which may or may not conform to socially defined behaviors and characteristics typically associated with being either masculine or feminine.(7)",,,
66,gender identity'' means,"Gender identity.--The term ``gender identity'' means the gender-related identity, appearance, mannerisms, or other gender-related characteristics of an individual, regardless of the individual's designated sex at birth.(8) Inclusive.--The term ``inclusive'' means content and skills that ensure marginalized young people are valued, respected, centered, and supported in sex education instruction and materials.(9) Institution of higher education.--The term ``institution of higher education'' has the meaning given the term in section 101 of the Higher Education Act of 1965 (20 U.S.C. 1001).(10) Interpersonal violence.--The term ``interpersonal violence'' means abuse, assault, bullying, dating violence, domestic violence, harassment, intimate partner violence, or stalking.(11)",,,
67,sex education'' means,"Sex education.--The term ``sex education'' means high quality teaching and learning that--(A) is delivered, to the maximum extent practicable, following the National Sexuality Education Standards of the Future of Sex Ed Initiative;(B) is about a broad variety of topics related to sex and sexuality, including--(i) puberty and adolescent development;(ii) sexual and reproductive anatomy and physiology;(iii) sexual orientation, gender identity, and gender expression;(iv) contraception, pregnancy, and reproduction;(v) HIV and other STIs;(vi) consent and healthy relationships; and(vii) interpersonal violence;(C) explores values and beliefs about such topics; and(D) helps young people in gaining the skills that are needed to navigate relationships and manage one's own sexual health.(16)",,,
68,orientation'' means,"Sexual orientation.--The term ``sexual orientation'' means an individual's romantic, emotional, or sexual attraction to other people.(19)",,,
69,gender identity'' means,"Gender identity.--The term ``gender identity'' means the gender-related identity, appearance, mannerisms, or other gender-related characteristics of an individual, regardless of the individual's designated sex at birth.(3) LGBTQI.--The term ``LGBTQI'' means lesbian, gay, bisexual, transgender, queer, or intersex.(4)",,,
70,orientation'' means,"Sexual orientation.--The term ``sexual orientation'' means actual or perceived homosexuality, heterosexuality, or bisexuality.",,,
71,queer resources' means,"queer resources.''; and(3) in paragraph (8) (as redesignated), by adding at the end the following:``(J) Lesbian, gay, bisexual, transgender, and queer resources.--The term `lesbian, gay, bisexual, transgender, and queer resources' means information that is related to homosexuality, bisexuality, transgender identity, transgender status, gender nonconformity, gender expansive, gender identity, sexual orientation, or related topics, except that such term does not include a visual depiction described in paragraph (5)(B)(i) or (6)(B)(i).''.(b) Conforming Amendments to Communications Act of 1934.--(1) Section 254.--Section 254(h)(4) of the Communications Act of 1934 (47 U.S.C. 254(h)(4)) is amended by striking ``paragraph (7)(A)'' and inserting ``paragraph (8)(A)''.(2) Section 271.--Section 271(g)(2) of the Communications Act of 1934 (47 U.S.C. 271(g)(2))",,,
72,gender identity'' means,"Gender identity.--The term ``gender identity'' means the gender-related identity, appearance, mannerisms, or other gender-related characteristics of an individual, regardless of the individual's designated sex at birth.(2) Lavender scare.--The term ``Lavender Scare'' means any policy or action implemented by the Department of State between January 1, 1950, and January 1, 1994, whether formal or informal, that led to the termination of Department employees or perpetuated discrimination against any such employees on the basis of sexual orientation, whether real or perceived.(3) LGBTQI.--The term ``LGBTQI'' means lesbian, gay, bisexual, transgender, queer, or intersex.(4)",,,
73,orientation'' means,"Sexual orientation.--The term ``sexual orientation'' means actual or perceived homosexuality, heterosexuality, or bisexuality.",,,
74,sex'' includes,"Congress reaffirmed in the Pregnancy Discrimination Act of 1978 that discrimination on the basis of ``sex'' includes but is not limited to discrimination on the basis of ``pregnancy, childbirth, or related medical conditions.''.(13)",,,
75,gender identity' means,"Gender identity.--The term `gender identity' means the gender-related identity, appearance, mannerisms, or other gender-related characteristics of an individual, regardless of the individual's designated sex at birth.",,,
76,orientation' means,"Sexual orientation.--The term `sexual orientation' means an individual's actual or perceived romantic, physical, or sexual attraction to other persons, or lack thereof, that includes heterosexuality, homosexuality, and bisexuality.",,,
77,gender identity' means,"Gender identity.--The term `gender identity' means the gender-related identity, appearance, mannerisms, or other gender-related characteristics of an individual, regardless of the individual's designated sex at birth.",,,
78,orientation' means,"Sexual orientation.--The term `sexual orientation' means homosexuality, heterosexuality, or bisexuality.",,,
79,gender identity'--``(A) means,"908A. DEFINITIONS.``For purposes of this title--``(1) the term `gender identity'--``(A) means a person's internal sense of gender, which could be female, male, or another gender;``(B) includes a person's gender expression, which is how they present their gender identity outwardly, including through appearance, mannerisms, dress, or other gender-related characteristics; and``(C) may or may not match their designated sex at birth;``(2) the term `on the basis of sex' includes, inter alia, on the basis of, perceived or actual--``(A) sex stereotypes;``(B) pregnancy or related conditions, including--``(i) childbirth, termination of pregnancy, or lactation;``(ii) medical conditions related to pregnancy, childbirth, termination of pregnancy, or lactation; or``(iii) recovery from pregnancy, childbirth, termination of pregnancy, lactation, or their related medical conditions;``(C) sexual orientation;``(D) gender identity; or``(E) sex characteristics, including inter-sex traits;``(3)",,,
80,", male, or another gender;``(B) includes","908A. DEFINITIONS.``For purposes of this title--``(1) the term `gender identity'--``(A) means a person's internal sense of gender, which could be female, male, or another gender;``(B) includes a person's gender expression, which is how they present their gender identity outwardly, including through appearance, mannerisms, dress, or other gender-related characteristics; and``(C) may or may not match their designated sex at birth;``(2) the term `on the basis of sex' includes, inter alia, on the basis of, perceived or actual--``(A) sex stereotypes;``(B) pregnancy or related conditions, including--``(i) childbirth, termination of pregnancy, or lactation;``(ii) medical conditions related to pregnancy, childbirth, termination of pregnancy, or lactation; or``(iii) recovery from pregnancy, childbirth, termination of pregnancy, lactation, or their related medical conditions;``(C) sexual orientation;``(D) gender identity; or``(E) sex characteristics, including inter-sex traits;``(3)",,,
81,"male, or another gender;``(B) includes","908A. DEFINITIONS.``For purposes of this title--``(1) the term `gender identity'--``(A) means a person's internal sense of gender, which could be female, male, or another gender;``(B) includes a person's gender expression, which is how they present their gender identity outwardly, including through appearance, mannerisms, dress, or other gender-related characteristics; and``(C) may or may not match their designated sex at birth;``(2) the term `on the basis of sex' includes, inter alia, on the basis of, perceived or actual--``(A) sex stereotypes;``(B) pregnancy or related conditions, including--``(i) childbirth, termination of pregnancy, or lactation;``(ii) medical conditions related to pregnancy, childbirth, termination of pregnancy, or lactation; or``(iii) recovery from pregnancy, childbirth, termination of pregnancy, lactation, or their related medical conditions;``(C) sexual orientation;``(D) gender identity; or``(E) sex characteristics, including inter-sex traits;``(3)",,,
82,sex' includes,"908A. DEFINITIONS.``For purposes of this title--``(1) the term `gender identity'--``(A) means a person's internal sense of gender, which could be female, male, or another gender;``(B) includes a person's gender expression, which is how they present their gender identity outwardly, including through appearance, mannerisms, dress, or other gender-related characteristics; and``(C) may or may not match their designated sex at birth;``(2) the term `on the basis of sex' includes, inter alia, on the basis of, perceived or actual--``(A) sex stereotypes;``(B) pregnancy or related conditions, including--``(i) childbirth, termination of pregnancy, or lactation;``(ii) medical conditions related to pregnancy, childbirth, termination of pregnancy, or lactation; or``(iii) recovery from pregnancy, childbirth, termination of pregnancy, lactation, or their related medical conditions;``(C) sexual orientation;``(D) gender identity; or``(E) sex characteristics, including inter-sex traits;``(3)",,,
83,sex-based harassment'--``(A) means,"the term `recipient' means an entity described in any of paragraphs (1) through (4) of section 908 and includes any entity that exercises controlling authority over such recipient;``(4) the term `sex-based harassment'--``(A) means conduct on the basis of sex, including conduct of a sexual nature, that unreasonably alters a person's ability to participate in or receive any benefit, service, or opportunity from an education program or activity that receives Federal financial assistance, including by creating an intimidating, hostile, or offensive environment; and``(B) includes an employee, agent, or other person authorized by the recipient to provide an aid, benefit, or service under the recipient's education program or activity, explicitly or impliedly conditioning the provision of such an aid, benefit, or service on a person's participation in sexual conduct; and``(5) the term `sexual orientation' includes homosexuality, heterosexuality, bisexuality, pansexuality, and asexuality.''.",,,
84,orientation' includes,"the term `recipient' means an entity described in any of paragraphs (1) through (4) of section 908 and includes any entity that exercises controlling authority over such recipient;``(4) the term `sex-based harassment'--``(A) means conduct on the basis of sex, including conduct of a sexual nature, that unreasonably alters a person's ability to participate in or receive any benefit, service, or opportunity from an education program or activity that receives Federal financial assistance, including by creating an intimidating, hostile, or offensive environment; and``(B) includes an employee, agent, or other person authorized by the recipient to provide an aid, benefit, or service under the recipient's education program or activity, explicitly or impliedly conditioning the provision of such an aid, benefit, or service on a person's participation in sexual conduct; and``(5) the term `sexual orientation' includes homosexuality, heterosexuality, bisexuality, pansexuality, and asexuality.''.",,,
85,gender identity'' means,"Gender identity.--The term ``gender identity'' means the gender-related identity, appearance, mannerisms, or other gender-related characteristics of an individual regardless of the designated sex at birth of the individual.(8) Indian tribe.--The term ``Indian Tribe'' has the meaning given the term in section 4(e) of the Indian Self-Determination and Education Assistance Act (25 U.S.C. 5304(e)).(9)",,,
86,orientation'' means,"Sexual orientation.--The term ``sexual orientation'' means homosexuality, heterosexuality, or bisexuality.(23)",,,
87,sex characteristics' means,"``(2) Definitions.--In paragraph (1):``(A) Individual born with variations in their physical sex characteristics.--The term `individual born with variations in their physical sex characteristics' means an individual born with physical traits, including genitals, gonads, hormone function, or chromosomal patterns, that vary from stereotypical notions regarding the development, appearance, or function of sex characteristics.",,,
88,sex'' means,"Biological sex.--The term ``biological sex'' means the genetic classification of an individual as male or female, as reflected in the organization of the body of such individual for a reproductive role or capacity, such as through sex chromosomes, naturally occurring sex hormones, and internal and external genitalia present at birth, without regard to the subjective sense of identity of the individual.(2) Gender-transition procedure.--(A)",,,
89,biological sex'' means,"Biological sex.--The term ``biological sex'' means the genetic classification of an individual as male or female, as reflected in the organization of the body of such individual for a reproductive role or capacity, such as through sex chromosomes, naturally occurring sex hormones, and internal and external genitalia present at birth, without regard to the subjective sense of identity of the individual.(2) Gender-transition procedure.--(A)",,,
90,gender analysis''--(A) means,"Gender analysis.--The term ``gender analysis''--(A) means a socioeconomic analysis of available or gathered quantitative and qualitative information to identify, understand, and explain gaps between men and women, which typically involves examining--(i) differences in the status of women and men and differential access to and control over assets, resources, education, opportunities, and services;(ii) the influence of gender roles, structural barriers, and norms on the division of time between paid, unpaid work (including the subsistence production and care for family members), and volunteer activities;(iii) the influence of gender roles, structural barriers, and norms on leadership roles and decision making; constraints, opportunities, and entry points for narrowing gender gaps and empowering women; and(iv) potential differential impacts of development policies and programs on men and women, including unintended or negative consequences; and(B) includes conclusions and recommendations to enable development policies and programs--(i) to narrow gender gaps; and(ii) to improve the lives of women and girls.(5) Office.--The term ``Office'' means the Office of Global Women's Issues established by the Secretary of State pursuant to section 202(a).(6)",,,
91,orientation includes,"An explicit and comprehensive national solution is needed to address this discrimination, including the full range of remedies available under the Civil Rights Act of 1964.(12) Discrimination based on sexual orientation includes discrimination based on an individual's actual or perceived romantic, emotional, physical, or sexual attraction to other persons, or lack thereof, on the basis of gender.",,,
92,gender identity' means,"Gender identity.--The term `gender identity' means the gender-related identity, appearance, mannerisms, or other gender-related characteristics of an individual, regardless of the individual's designated sex at birth.",,,
93,orientation' means,"``(5) Sexual orientation.--The term `sexual orientation' means homosexuality, heterosexuality, or bisexuality.",,,
94,gender transition procedure' means,"In general.--The term `gender transition procedure' means any medical or surgical service which seeks to alter or remove physiological or anatomical characteristics or features which are typical for the individual's biological sex, or to instill or create physiological or anatomical characteristics which resemble a sex different from the individual's birth sex, for the purpose of gender transition, including--``(I) physician's services and inpatient and outpatient hospital services, including gender transition surgery, and``(II) prescribed drugs related to gender transition, including puberty-blocking drugs, cross-sex hormones, or other mechanisms to promote the development of feminizing or masculinizing features (in the opposite sex).``(ii) Exceptions.--Such term does not include--``(I) services for treatment of a medically-verifiable disorder of sex development, including--``(aa) external biological sex characteristics which are irresolvably ambiguous, such as presence of 46 XX chromosomes with virilization, 46 XY chromosomes with undervirilization, or both ovarian and testicular tissue, or``(bb) other physician-diagnosed disorder of sexual development, with respect to which the physician has determined through genetic or biochemical testing that the individual does not have normal sex chromosome structure, sex steroid hormone production, or sex steroid hormone action for a biological male or biological female, or``(II) treatment of any infection, injury, disease, or disorder caused or exacerbated by the performance of any gender transition procedure, whether or not the gender transition procedure was performed in accordance with State and Federal law or whether not a deduction for expenses in connection with the gender transition procedure is allowable under this chapter.",,,
95,gender' means,"Gender.--The term `gender' means the psychological, behavioral, social, and cultural aspects of being male or female.",,,
96,gender transition' means,"Gender transition.--The term `gender transition' means the process in which an individual goes from identifying with and living as a gender that corresponds to his or her biological sex to identifying with and living as a gender different from his or her biological sex, and may involve social, legal, or physical changes.",,,
97,gender transition surgery' means,"In general.--The term `gender transition surgery' means any surgical service, including genital or non-genital surgery, performed for the purpose of assisting an individual with a gender transition.",,,
98,-sex hormones' means,"hormones.--The term `cross-sex hormones' means testosterone or other androgens given to biological females at doses which are profoundly larger or more potent than would normally occur naturally in healthy biological females, and estrogen given to biological males at doses which are profoundly larger or more potent than would normally occur naturally in healthy biological males.",,,
99,sex hormones' means,"hormones.--The term `cross-sex hormones' means testosterone or other androgens given to biological females at doses which are profoundly larger or more potent than would normally occur naturally in healthy biological females, and estrogen given to biological males at doses which are profoundly larger or more potent than would normally occur naturally in healthy biological males.",,,
100,sex'' means,"Biological sex.--The term ``biological sex'' means the biological indication of male and female in the context of reproductive potential or capacity, such as sex chromosomes, naturally occurring sex hormones, gonads, and nonambiguous internal and external genitalia present at birth, without regard to a person's psychological, chosen, or subjective experience of gender.(2)",,,
101,biological sex'' means,"Biological sex.--The term ``biological sex'' means the biological indication of male and female in the context of reproductive potential or capacity, such as sex chromosomes, naturally occurring sex hormones, gonads, and nonambiguous internal and external genitalia present at birth, without regard to a person's psychological, chosen, or subjective experience of gender.(2)",,,
102,gender identity'' means,"Gender identity.--The term ``gender identity'' means a person's self-perception of their gender or claimed gender, regardless of the person's biological sex.(5)",,,
103,gender transition'' includes,In general.--The term ``gender transition'' includes both medical transition and social transition.(B) Medical transition.--The term ``medical transition'' means any medical or surgical intervention undertaken to alter the body of a person in order to assert an identity incongruent with biological sex or undertaken to create or facilitate the development of physiological or anatomical characteristics that resemble a sex different from the person's biological sex.(C),,,
104,gender identity'' means,"Gender identity.--The term ``gender identity'' means an individual's sense of being male, female, transgender, or another gender, as distinct from the individual's sex assigned at birth.(4)",,,
105,gender identity'' means,"Gender identity.--The term ``gender identity'' means the gender-related identity, appearance, mannerisms, or other gender-related characteristics of an individual, regardless of the individual's designated sex at birth.(5) National gender equity infrastructure.--The term ``national gender equity infrastructure'' means the horizontal and vertical network of title IX coordinators and their allies who work to advance gender equity and eliminate discrimination in the United States.(6)",,,
106,gender equity infrastructure'' means,"Gender identity.--The term ``gender identity'' means the gender-related identity, appearance, mannerisms, or other gender-related characteristics of an individual, regardless of the individual's designated sex at birth.(5) National gender equity infrastructure.--The term ``national gender equity infrastructure'' means the horizontal and vertical network of title IX coordinators and their allies who work to advance gender equity and eliminate discrimination in the United States.(6)",,,
107,orientation'' means,"Sexual orientation.--The term ``sexual orientation'' means homosexuality, heterosexuality, or bisexuality.(9)",,,
108,gender identity'' means,"Gender identity.--The term ``gender identity'' means the gender-related identity, appearance, mannerisms, or other gender-related characteristics of an individual, regardless of the designated sex of the individual at birth.(5) Religion; sex (including sexual orientation and gender identity), or marital status.--The term ``religion, sex (including sexual orientation and gender identity), or marital status'', used with respect to an individual, includes--(A) the religion, sex (including sexual orientation and gender identity), or marital status, respectively, of another person with whom the individual is or has been associated; and(B) a perception or belief, even if inaccurate, concerning the religion, sex (including sexual orientation and gender identity), or marital status, respectively, of the individual.(6) Secretary.--The term ``Secretary'' means the Secretary of Health and Human Services.(7)",,,
109,orientation'' means,"Sexual orientation.--The term ``sexual orientation'' means homosexuality, heterosexuality, or bisexuality.(9) State.--The term ``State'' means each of the 50 States of the United States, the District of Columbia, the Commonwealth of Puerto Rico, the United States Virgin Islands, Guam, the Commonwealth of the Northern Mariana Islands, and American Samoa.",,,
110,gender identity'' means,"Gender identity.--The term ``gender identity'' means the gender-related identity, appearance, mannerisms, or other gender-related characteristics of an individual, regardless of the individual's designated sex at birth.(3) Person.--The term ``person'' means any individual, partnership, corporation, cooperative, association, or any other entity.(4)",,,
111,orientation'' means,"Sexual orientation.--The term ``sexual orientation'' means homosexuality, heterosexuality, or bisexuality.",,,
112,sex' means,"Biological sex.--The term `biological sex' means the biological classification of male and female in the context of reproductive potential or capacity, as indicated by sex chromosomes, naturally occurring sex hormones, gonads, and nonambiguous internal and external genitalia present at birth, without regard to a person's psychological, chosen, or subjectively experienced sense of identity or gender.",,,
113,biological sex' means,"Biological sex.--The term `biological sex' means the biological classification of male and female in the context of reproductive potential or capacity, as indicated by sex chromosomes, naturally occurring sex hormones, gonads, and nonambiguous internal and external genitalia present at birth, without regard to a person's psychological, chosen, or subjectively experienced sense of identity or gender.",,,
114,gender identity' means,"Gender identity.--The term `gender identity' means a person's self-perceived identity, self-concept, or asserted gender, regardless of the person's biological sex.",,,
115,gender identity'' means,"Gender identity.--The term ``gender identity'' means the gender-related identity, appearance, or mannerisms or other gender-related characteristics of an individual, regardless of the individual's designated sex at birth.(3) Intersex.--The term ``intersex'' means individuals born with sex characteristics (including genitals, gonads, or chromosome patterns) that vary from typical binary notions of male or female bodies and is an umbrella term used to describe a wide range of natural bodily variations.(4) LGBTQI.--The term ``LGBTQI'' means lesbian, gay, bisexual, transgender, queer, or intersex.(5)",,,
116,orientation'' means,"Sexual orientation.--The term ``sexual orientation'' means actual or perceived homosexuality, heterosexuality, or bisexuality.",,,
117,gender expression'' means,"Gender expression.--The term ``gender expression'' means the expression of one's gender, such as through behavior, clothing, haircut, or voice, and which may or may not conform to socially defined behaviors and characteristics typically associated with being either masculine or feminine.(7)",,,
118,gender identity'' means,"Gender identity.--The term ``gender identity'' means the gender-related identity, appearance, mannerisms, or other gender-related characteristics of an individual, regardless of the individual's designated sex at birth.(8) Inclusive.--The term ``inclusive'' means content and skills that ensure marginalized young people are valued, respected, centered, and supported in sex education instruction and materials.(9) Institution of higher education.--The term ``institution of higher education'' has the meaning given the term in section 101 of the Higher Education Act of 1965 (20 U.S.C. 1001).(10) Interpersonal violence.--The term ``interpersonal violence'' means abuse, assault, bullying, dating violence, domestic violence, harassment, intimate partner violence, or stalking.(11)",,,
119,sex education'' means,"Sex education.--The term ``sex education'' means high quality teaching and learning that--(A) is delivered, to the maximum extent practicable, following the National Sexuality Education Standards of the Future of Sex Ed Initiative;(B) is about a broad variety of topics related to sex and sexuality, including--(i) puberty and adolescent development;(ii) sexual and reproductive anatomy and physiology;(iii) sexual orientation, gender identity, and gender expression;(iv) contraception, pregnancy, and reproduction;(v) HIV and other STIs;(vi) consent and healthy relationships; and(vii) interpersonal violence;(C) explores values and beliefs about such topics; and(D) helps young people in gaining the skills that are needed to navigate relationships and manage one's own sexual health.(16)",,,
120,orientation'' means,"Sexual orientation.--The term ``sexual orientation'' means an individual's romantic, emotional, or sexual attraction to other people.(19)",,,
121,gender identity'' means,"Gender identity.--The term ``gender identity'' means the gender-related identity, appearance, or mannerisms or other gender-related characteristics of an individual, regardless of the individual's designated sex at birth.(3) LGBTQI.--The term ``LGBTQI'' means lesbian, gay, bisexual, transgender, queer, or intersex.(4)",,,
122,orientation'' means,"Member of a vulnerable group.--The term ``member of a vulnerable group'' means an alien who--(A) is younger than 21 years of age or older than 60 years of age;(B) is pregnant;(C) identifies as lesbian, gay, bisexual, transgender, or intersex;(D) is victim or witness of a crime;(E) has filed a nonfrivolous civil rights claim in Federal or State court;(F) has a serious mental or physical illness or disability;(G) has been determined by an asylum officer in an interview conducted under section 235(b)(1)(B) of the Immigration and Nationality Act (8 U.S.C. 1225(b)(1)(B)) to have a credible fear of persecution; or(H) has been determined by an immigration judge or by the Secretary of Homeland Security, based on information obtained during intake, from the alien's attorney or legal service provider, or through credible self-reporting, to be--(i) experiencing severe trauma; or(ii) a survivor of torture or gender-based violence.(5) Sexual orientation.--The term ``sexual orientation'' means actual or perceived homosexuality, heterosexuality, or bisexuality.",,,
123,gender identity' means,"Gender identity.--The term `gender identity' means the gender-related identity, appearance, mannerisms, or other gender-related characteristics of an individual, regardless of the individual's designated sex at birth.",,,
124,orientation' means,"Sexual orientation.--The term `sexual orientation' means homosexuality, heterosexuality, or bisexuality.",,,
125,gender identity'--``(A) means,"908A. DEFINITIONS.``For purposes of this title--``(1) the term `gender identity'--``(A) means a person's internal sense of gender, which could be female, male, or another gender;``(B) includes a person's gender expression, which is how they present their gender identity outwardly, including through appearance, mannerisms, dress, or other gender-related characteristics; and``(C) may or may not match their designated sex at birth;``(2) the term `on the basis of sex' includes, inter alia, on the basis of, perceived or actual--``(A) sex stereotypes;``(B) pregnancy or related conditions, including--``(i) childbirth, termination of pregnancy, or lactation;``(ii) medical conditions related to pregnancy, childbirth, termination of pregnancy, or lactation; or``(iii) recovery from pregnancy, childbirth, termination of pregnancy, lactation, or their related medical conditions;``(C) sexual orientation;``(D) gender identity; or``(E) sex characteristics, including inter-sex traits;``(3)",,,
126,sex' includes,"908A. DEFINITIONS.``For purposes of this title--``(1) the term `gender identity'--``(A) means a person's internal sense of gender, which could be female, male, or another gender;``(B) includes a person's gender expression, which is how they present their gender identity outwardly, including through appearance, mannerisms, dress, or other gender-related characteristics; and``(C) may or may not match their designated sex at birth;``(2) the term `on the basis of sex' includes, inter alia, on the basis of, perceived or actual--``(A) sex stereotypes;``(B) pregnancy or related conditions, including--``(i) childbirth, termination of pregnancy, or lactation;``(ii) medical conditions related to pregnancy, childbirth, termination of pregnancy, or lactation; or``(iii) recovery from pregnancy, childbirth, termination of pregnancy, lactation, or their related medical conditions;``(C) sexual orientation;``(D) gender identity; or``(E) sex characteristics, including inter-sex traits;``(3)",,,
127,orientation' includes,"the term `recipient' means an entity described in any of paragraphs (1) through (4) of section 908 and includes any entity that exercises controlling authority over such recipient;``(4) the term `sex-based harassment'--``(A) means conduct on the basis of sex, including conduct of a sexual nature, that unreasonably alters a person's ability to participate in or receive any benefit, service, or opportunity from an education program or activity that receives Federal financial assistance, including by creating an intimidating, hostile, or offensive environment; and``(B) includes an employee, agent, or other person authorized by the recipient to provide an aid, benefit, or service under the recipient's education program or activity, explicitly or impliedly conditioning the provision of such an aid, benefit, or service on a person's participation in sexual conduct; and``(5) the term `sexual orientation' includes homosexuality, heterosexuality, bisexuality, pansexuality, and asexuality.''.",,,
128,sex'' means,"Biological sex.--The term ``biological sex'' means the genetic classification of an individual as male or female, as reflected in the organization of the body of such individual for a reproductive role or capacity, such as through sex chromosomes, naturally occurring sex hormones, and internal and external genitalia present at birth, without regard to the subjective sense of identity of the individual.(2) Gender-transition procedure.--(A)",,,
129,biological sex'' means,"Biological sex.--The term ``biological sex'' means the genetic classification of an individual as male or female, as reflected in the organization of the body of such individual for a reproductive role or capacity, such as through sex chromosomes, naturally occurring sex hormones, and internal and external genitalia present at birth, without regard to the subjective sense of identity of the individual.(2) Gender-transition procedure.--(A)",,,
130,orientation' means,"``(r) `Sexual orientation' means homosexuality, heterosexuality, or bisexuality.",,,
131,sex' means,"Biological sex.--The term `biological sex' means the biological indication of male or female in the context of reproductive potential or capacity, such as sex chromosomes, naturally occurring sex hormones, gonads, and non-ambiguous internal and external genitalia present at birth, without regard to an individual's psychological, chosen, or subjective experience of gender.",,,
132,biological sex' means,"Biological sex.--The term `biological sex' means the biological indication of male or female in the context of reproductive potential or capacity, such as sex chromosomes, naturally occurring sex hormones, gonads, and non-ambiguous internal and external genitalia present at birth, without regard to an individual's psychological, chosen, or subjective experience of gender.",,,
133,gender' means,"Gender.--The term `gender' means the psychological, behavioral, social, and cultural aspects of being male or female.",,,
134,gender transition' means,"Gender transition.--The term `gender transition' means the process in which a person goes from identifying with and living as a gender that corresponds to his or her biological sex to identifying with and living as a gender different from his or her biological sex, and may involve social, legal, or physical changes.",,,
135,gender identity'' means,"Gender identity.--The term ``gender identity'' means the gender-related identity, appearance, mannerisms, or other gender-related characteristics of an individual, regardless of the individual's designated sex at birth.(5) National gender equity infrastructure.--The term ``national gender equity infrastructure'' means the horizontal and vertical network of title IX coordinators and title IX allies who work to advance gender equity and eliminate discrimination in the United States.(6)",,,
136,orientation'' means,"Sexual orientation.--The term ``sexual orientation'' means homosexuality, heterosexuality, or bisexuality.(9)",,,
137,orientation includes,"An explicit and comprehensive national solution is needed to address this discrimination, including the full range of remedies available under the Civil Rights Act of 1964.(12) Discrimination based on sexual orientation includes discrimination based on an individual's actual or perceived romantic, emotional, physical, or sexual attraction to other persons, or lack thereof, on the basis of gender.",,,
138,gender identity' means,"Gender identity.--The term `gender identity' means the gender-related identity, appearance, mannerisms, or other gender-related characteristics of an individual, regardless of the individual's designated sex at birth.",,,
139,orientation' means,"``(5) Sexual orientation.--The term `sexual orientation' means homosexuality, heterosexuality, or bisexuality.",,,
140,sex' means,"Biological sex.--The term `biological sex' means the indication of male or female sex by reproductive potential or capacity, sex chromosomes, naturally occurring sex hormones, gonads, or internal or external genitalia present at birth.",,,
141,biological sex' means,"Biological sex.--The term `biological sex' means the indication of male or female sex by reproductive potential or capacity, sex chromosomes, naturally occurring sex hormones, gonads, or internal or external genitalia present at birth.",,,
142,sex'' means,"Biological sex.--The term ``biological sex'' means the genetic classification of an individual as male or female, as reflected in the organization of the body of such individual for a reproductive role or capacity, such as through sex chromosomes, naturally occurring sex hormones, and internal and external genitalia present at birth, without regard to the subjective sense of identity of the individual.(2) Gender-transition procedure.--(A)",,,
143,biological sex'' means,"Biological sex.--The term ``biological sex'' means the genetic classification of an individual as male or female, as reflected in the organization of the body of such individual for a reproductive role or capacity, such as through sex chromosomes, naturally occurring sex hormones, and internal and external genitalia present at birth, without regard to the subjective sense of identity of the individual.(2) Gender-transition procedure.--(A)",,,
144,gender identity' means,"Gender identity.--The term `gender identity' means the gender-related identity, appearance, mannerisms, or other gender-related characteristics of an individual, regardless of the individual's designated sex at birth.",,,
145,orientation' means,"``(5) Sexual orientation.--The term `sexual orientation' means homosexuality, heterosexuality, or bisexuality.",,,
146,sex'' means,"Biological sex.--The term ``biological sex'' means the biological indication of male and female as determined by reproductive potential or capacity, such as sex chromosomes, naturally occurring sex hormones, gonads, and nonambiguous internal and external genitalia present at birth, without regard to a person's psychological, chosen, or subjective experience of gender.(2)",,,
147,biological sex'' means,"Biological sex.--The term ``biological sex'' means the biological indication of male and female as determined by reproductive potential or capacity, such as sex chromosomes, naturally occurring sex hormones, gonads, and nonambiguous internal and external genitalia present at birth, without regard to a person's psychological, chosen, or subjective experience of gender.(2)",,,
148,gender identity'' means,"Gender identity.--The term ``gender identity'' means a person's self-perception of their gender or claimed gender, regardless of the person's biological sex.(5)",,,
149,gender transition'' includes,"In general.--The term ``gender transition'' includes both medical transition and social transition.(B) Medical transition.--The term ``medical transition'' means any medical, hormonal, or surgical intervention undertaken to alter the body of a person in order to assert an identity incongruent with biological sex or undertaken to create or facilitate the development of physiological or anatomical characteristics that resemble a sex different from the person's biological sex.(C)",,,
150,gender identity'' means,"Gender identity.--The term ``gender identity'' means the gender-related identity, appearance, mannerism, or other gender-related characteristic of an individual, regardless of the designated sex at birth of the individual.(5) Sexual orientation.--The term ``sexual orientation'' means how a person identifies in terms of their emotional, romantic, or sexual attraction, and includes identification as straight, heterosexual, gay, lesbian, or bisexual, among other terms.(6)",,,
151,orientation'' means,"Gender identity.--The term ``gender identity'' means the gender-related identity, appearance, mannerism, or other gender-related characteristic of an individual, regardless of the designated sex at birth of the individual.(5) Sexual orientation.--The term ``sexual orientation'' means how a person identifies in terms of their emotional, romantic, or sexual attraction, and includes identification as straight, heterosexual, gay, lesbian, or bisexual, among other terms.(6)",,,
152,sex characteristics''--(A) means,"Survey.--The term ``survey'' means a data collection activity involving a questionnaire for a sample of a population and includes the decennial census.(7) Variations in sex characteristics.--The term ``variations in sex characteristics''--(A) means a physical trait present at birth or naturally occurring at a later time (including genitals, gonads, hormone function, and chromosome patterns), that differ from normative expectations for male or female bodies regarding the development, appearance, or function of sex-related characteristics; and(B) is sometimes referred to as intersex traits.",,,
153,sex'' means,"Biological sex.--The term ``biological sex'' means the biological indicators of male or female in the context of reproductive potential or capacity, such as sex chromosomes, naturally occurring sex hormones, gonads, and non-ambiguous internal and external genitalia present at birth, without regard to an individual's psychological, chosen, or subjective experience of gender.(2)",,,
154,biological sex'' means,"Biological sex.--The term ``biological sex'' means the biological indicators of male or female in the context of reproductive potential or capacity, such as sex chromosomes, naturally occurring sex hormones, gonads, and non-ambiguous internal and external genitalia present at birth, without regard to an individual's psychological, chosen, or subjective experience of gender.(2)",,,
155,gender'' means,"Gender.--The term ``gender'' means the psychological, behavioral, social, and cultural aspects of being male or female.(3) School employee.--The term ``school employee'' includes--(A) a teacher, substitute teacher, school administrator, school superintendent, guidance counselor, psychologist, social worker, nurse, physician, school paraprofessional or coach employed by a public elementary or secondary school or local educational agency in a State;(B) an individual associated with the administration or financing of an extracurricular activity hosted by or at a public elementary or secondary school; or(C) any other individual who, in the performance of his or her duties, has regular contact with students under the age of 18 years old and who provides services to or on behalf of such students enrolled in a public elementary or secondary school, pursuant to a contract with the public elementary or secondary school, State educational agency, or local educational agency.(4) State.--The term ``State'' means each of the several States, the District of Columbia, and any commonwealth, territory, or possession of the United States.",,,
156,gender' means,"Gender.--The term `gender' means the psychological, behavioral, social, and cultural aspects of being male or female.",,,
157,gender transition' means,"Gender transition.--The term `gender transition' means the process in which an individual goes from identifying with and living as a gender that corresponds to his or her biological sex to identifying with and living as a gender different from his or her biological sex, and may involve social, legal, or physical changes.",,,
158,-sex hormones' means,"hormones.--The term `cross-sex hormones' means testosterone or other androgens given to biological females at doses which are profoundly larger or more potent than would normally occur naturally in healthy biological females, and estrogen given to biological males at doses which are profoundly larger or more potent than would normally occur naturally in healthy biological males.",,,
159,sex hormones' means,"hormones.--The term `cross-sex hormones' means testosterone or other androgens given to biological females at doses which are profoundly larger or more potent than would normally occur naturally in healthy biological females, and estrogen given to biological males at doses which are profoundly larger or more potent than would normally occur naturally in healthy biological males.",,,
160,sex'' means,"Biological sex.--The term ``biological sex'' means the biological indication of male or female in the context of reproductive potential or capacity, including sex chromosomes, naturally occurring sex hormones, gonads, and nonambiguous internal and external genitalia present at birth.(3) ESEA terms.--The terms ``elementary school'' and ``parent'' have the meanings given such terms in section 8101 of the Elementary and Secondary Education Act of 1965 (20 U.S.C. 7801).(4)",,,
161,biological sex'' means,"Biological sex.--The term ``biological sex'' means the biological indication of male or female in the context of reproductive potential or capacity, including sex chromosomes, naturally occurring sex hormones, gonads, and nonambiguous internal and external genitalia present at birth.(3) ESEA terms.--The terms ``elementary school'' and ``parent'' have the meanings given such terms in section 8101 of the Elementary and Secondary Education Act of 1965 (20 U.S.C. 7801).(4)",,,
162,gender identity'' means,"Gender identity.--The term ``gender identity'' means an individual's perception of their own gender or claimed gender, regardless of the biological sex of the individual.(5) Lesson.--The term ``lesson'' means a planned and structured period of learning.(6) Secretary.--The term ``Secretary'' means the Secretary of Education.(7)",,,
163,orientation'' means,"Sexual orientation.--The term ``sexual orientation'' means an individual's actual or perceived romantic, physical or sexual attraction to other individuals, or lack thereof, on the basis of gender.(8) Transgender individual.--The term ``transgender individual'' means an individual whose gender identity or behavior does not conform to that typically associated with the biological sex of the individual.(9) Transgender studies.--The term ``transgender studies'' means the study of transgender individuals.",,,
164,sex' means,"Biological sex.--The term `biological sex' means the indication of male or female sex by reproductive potential or capacity, sex chromosomes, naturally occurring sex hormones, gonads, or internal or external genitalia present at birth.",,,
165,biological sex' means,"Biological sex.--The term `biological sex' means the indication of male or female sex by reproductive potential or capacity, sex chromosomes, naturally occurring sex hormones, gonads, or internal or external genitalia present at birth.",,,
166,-sex hormones'' means,"hormones.--The term ``cross-sex hormones'' means testosterone or other androgens given to biological females at doses that are profoundly larger or more potent than would normally occur naturally in healthy biological females, or estrogen given to biological males at doses that are profoundly larger or more potent than would normally occur naturally in healthy biological males.(2) Gender.--The term ``gender'' means the psychological, behavioral, social, and cultural aspects of being male or female.(3)",,,
167,sex hormones'' means,"hormones.--The term ``cross-sex hormones'' means testosterone or other androgens given to biological females at doses that are profoundly larger or more potent than would normally occur naturally in healthy biological females, or estrogen given to biological males at doses that are profoundly larger or more potent than would normally occur naturally in healthy biological males.(2) Gender.--The term ``gender'' means the psychological, behavioral, social, and cultural aspects of being male or female.(3)",,,
168,gender'' means,"hormones.--The term ``cross-sex hormones'' means testosterone or other androgens given to biological females at doses that are profoundly larger or more potent than would normally occur naturally in healthy biological females, or estrogen given to biological males at doses that are profoundly larger or more potent than would normally occur naturally in healthy biological males.(2) Gender.--The term ``gender'' means the psychological, behavioral, social, and cultural aspects of being male or female.(3)",,,
169,gender dysphoria'' means,"Gender dysphoria.--The term ``gender dysphoria'' means a marked incongruence between one's experienced or expressed gender and biological sex.(4) Gender transition.--The term ``gender transition'' means the process by which a person goes from identifying with and living as a gender that corresponds to his or her biological sex to identifying with and living as a gender different from his or her biological sex, and may involve social, legal, or physical changes.(5)",,,
170,gender transition'' means,"Gender dysphoria.--The term ``gender dysphoria'' means a marked incongruence between one's experienced or expressed gender and biological sex.(4) Gender transition.--The term ``gender transition'' means the process by which a person goes from identifying with and living as a gender that corresponds to his or her biological sex to identifying with and living as a gender different from his or her biological sex, and may involve social, legal, or physical changes.(5)",,,
171,sex' means,"Biological sex.--The term `biological sex' means the biological indication of male and female in the context of reproductive potential or capacity, such as sex chromosomes, naturally occurring sex hormones, gonads, and nonambiguous internal and external genitalia present at birth, without regard to the psychological, chosen, or subjective experience of the gender of an individual.",,,
172,biological sex' means,"Biological sex.--The term `biological sex' means the biological indication of male and female in the context of reproductive potential or capacity, such as sex chromosomes, naturally occurring sex hormones, gonads, and nonambiguous internal and external genitalia present at birth, without regard to the psychological, chosen, or subjective experience of the gender of an individual.",,,
173,gender' means,"Gender.--The term `gender' means the psychological, behavioral, social, and cultural aspects of being male or female.",,,
174,gender transition' means,"Gender transition.--The term `gender transition' means the process in which an individual goes from identifying with and living as a gender that corresponds to his or her biological sex to identifying with and living as a gender different from his or her biological sex, and may involve social, legal, or physical changes.",,,
175,sex'' means,"Sex.--The term ``sex'' means the indication of male or female based solely an individual's reproductive biology and genetics at birth, such as sex chromosomes, naturally occurring sex hormones, gonads, or internal or external genitalia, without regard to an individual's psychological, chosen, or subjective identity.",,,
176,sex'' includes,"Congress reaffirmed in the Pregnancy Discrimination Act of 1978 that discrimination on the basis of ``sex'' includes but is not limited to discrimination on the basis of ``pregnancy, childbirth, or related medical conditions.''.(13)",,,
177,gender identity' means,"Gender identity.--The term `gender identity' means the gender-related identity, appearance, mannerisms, or other gender-related characteristics of an individual, regardless of the individual's designated sex at birth.",,,
178,orientation' means,"Sexual orientation.--The term `sexual orientation' means an individual's actual or perceived romantic, physical, or sexual attraction to other persons, or lack thereof, that includes heterosexuality, homosexuality, and bisexuality.",,,
179,orientation' includes,"``(aa) `Sexual orientation' includes homosexuality, heterosexuality, and bisexuality.",,,
180,orientation' means,"``(r) `Sexual orientation' means homosexuality, heterosexuality, or bisexuality.'';(2) in section 804, by inserting ``(including sexual orientation and gender identity)''",,,
181,gender identity'' means,"Gender identity.--The term ``gender identity'' means the gender-related identity, appearance, mannerisms, or other gender-related characteristics of an individual, regardless of the individual's designated sex at birth.(3) Person.--The term ``person'' means any individual, partnership, corporation, cooperative, association, or any other entity.(4)",,,
182,orientation'' means,"Sexual orientation.--The term ``sexual orientation'' means homosexuality, heterosexuality, or bisexuality.",,,
183,gender identity'' means,"Gender identity.--The term ``gender identity'' means the gender-related identity, appearance, or mannerisms or other gender-related characteristics of an individual, regardless of the individual's designated sex at birth.(3) Intersex.--The term ``intersex'' means individuals born with sex characteristics (including genitals, gonads, or chromosome patterns) that vary from typical binary notions of male or female bodies and is an umbrella term used to describe a wide range of natural bodily variations.(4)",,,
184,orientation'' means,"Sexual orientation.--The term ``sexual orientation'' means actual or perceived homosexuality, heterosexuality, or bisexuality.",,,
185,gender expression'' means,"Gender expression.--The term ``gender expression'' means the expression of one's gender, such as through behavior, clothing, haircut, or voice, and which may or may not conform to socially defined behaviors and characteristics typically associated with being either masculine or feminine.(7)",,,
186,gender identity'' means,"Gender identity.--The term ``gender identity'' means the gender-related identity, appearance, mannerisms, or other gender-related characteristics of an individual, regardless of the individual's designated sex at birth.(8) Inclusive.--The term ``inclusive'' means content and skills that ensure marginalized young people are valued, respected, centered, and supported in sex education instruction and materials.(9) Institution of higher education.--The term ``institution of higher education'' has the meaning given the term in section 101 of the Higher Education Act of 1965 (20 U.S.C. 1001).(10) Interpersonal violence.--The term ``interpersonal violence'' means abuse, assault, bullying, dating violence, domestic violence, harassment, intimate partner violence, or stalking.(11)",,,
187,sex education'' means,"Sex education.--The term ``sex education'' means high quality teaching and learning that--(A) is delivered, to the maximum extent practicable, following the National Sexuality Education Standards of the Future of Sex Ed Initiative;(B) is about a broad variety of topics related to sex and sexuality, including--(i) puberty and adolescent development;(ii) sexual and reproductive anatomy and physiology;(iii) sexual orientation, gender identity, and gender expression;(iv) contraception, pregnancy, pregnancy options, and reproduction;(v) HIV and other STIs;(vi) consent and healthy relationships; and(vii) interpersonal violence;(C) explores values and beliefs about such topics; and(D) helps young people in gaining the skills that are needed to navigate relationships and manage one's own sexual health.(16)",,,
188,orientation'' means,"Sexual orientation.--The term ``sexual orientation'' means an individual's romantic, emotional, or sexual attraction to other people.(19)",,,
189,gender identity' means,"The term `gender identity' means the gender-related identity, appearance, mannerisms, or other gender-related characteristics of an individual, regardless of the individual's designated sex at birth.``(2)",,,
190,sex' means,"``(C) Biological sex.--For purposes of subparagraph (A), the term `biological sex' means the indication of male or female sex by reproductive potential or capacity, sex chromosomes, naturally occurring sex hormones, gonads, or internal or external genitalia present at birth.''.",,,
191,biological sex' means,"``(C) Biological sex.--For purposes of subparagraph (A), the term `biological sex' means the indication of male or female sex by reproductive potential or capacity, sex chromosomes, naturally occurring sex hormones, gonads, or internal or external genitalia present at birth.''.",,,
192,gender identity'' means,"Gender identity.--The term ``gender identity'' means the gender-related identity, appearance, mannerisms, or other gender-related characteristics of an individual, regardless of the individual's designated sex at birth.(3) LGBTQI.--The term ``LGBTQI'' means lesbian, gay, bisexual, transgender, queer, or intersex.(4)",,,
193,orientation'' means,"Sexual orientation.--The term ``sexual orientation'' means actual or perceived homosexuality, heterosexuality, or bisexuality.",,,
194,gender identity' means,"the term `Form 10-K' means the form described in section 249.310 of title 17, Code of Federal Regulations, as in effect on the date of enactment of this subsection;``(E) the term `gender identity' means a characteristic consisting of the gender-related identity, appearance, mannerisms, or other gender-related characteristics of an individual, whether the characteristic is actual or perceived, regardless of the designated sex of the individual at birth;``(F)",,,
195,orientation' means,"the term `judgment' means, with respect to an issuer, a judgment entered against the issuer, whether imposed by a court or through arbitration;``(G) the term `settlement' means any commitment or agreement--``(i) without regard to whether the commitment or agreement, as applicable, is in writing; and``(ii) under which an issuer directly or indirectly--``(I) provides to an individual compensation or other consideration because of an allegation that the individual has been a victim of covered harassment, covered discrimination, or sexual abuse; or``(II) establishes conditions that affect the terms of the employment, including by terminating the employment, of the individual with the issuer--``(aa) because of the experience of the individual with, or the participation of the individual in, an alleged act of covered harassment, covered discrimination, or sexual abuse; and``(bb) in exchange for which the individual agrees or commits not to--``(AA) bring legal, administrative, or any other type of action against the issuer; or``(BB) publicly disclose, for a period of time of any length, any portion of the alleged act described in item (aa) on which the commitment or agreement, as applicable, is based;``(H) the term `sexual abuse' means a nonconsensual sexual act or sexual contact, as such terms are defined in section 2246 of title 18, United States Code, or similar applicable Tribal or State law, including such an act or contact in a circumstance in which the victim lacks capacity to consent; and``(I) the term `sexual orientation' means a characteristic consisting of homosexuality, heterosexuality, or bisexuality, whether the characteristic is actual or perceived.``(2)",,,
196,gender identity'' means,"Gender identity.--The term ``gender identity'' means the gender-related identity, appearance, mannerisms, or other gender-related characteristics of an individual regardless of the designated sex at birth of the individual.(12) Informal removal.--The term ``informal removal'' means an administrative removal of a student from the learning environment for part or all of the school day, or an indefinite period of time, without documenting the removal as a suspension or expulsion or engaging in formalized disciplinary processes.(13)",,,
197,orientation'' means,"Sexual orientation.--The term ``sexual orientation'' means how a person identifies in terms of their emotional, romantic, or sexual attraction, and includes identification as straight, heterosexual, gay, lesbian, or bisexual, among other terms.(28)",,,
198,sex'' includes,"The term ``discrimination on the basis of sex'' includes discrimination on the basis of sex stereotypes, sex characteristics, pregnancy or related conditions, sexual orientation, and gender identity.(3)",,,
199,biological man'' means,"Biological man.--The term ``biological man'' means an individual who is recognized as a male on the date of the birth of such individual, based on the genetic and reproductive biological characteristics of such individual.(2) Biological sex.--The term ``biological sex'' means the sex recognized on the date of birth of the individual based on the genetic and reproductive biological characteristics of such individual.(3) Biological woman.--The term ``biological woman'' means an individual who is recognized as a female on the date of the birth of such individual, based on the genetic and reproductive biological characteristics of such individual.(4) Covered school.--The term ``covered school'' means an elementary school or secondary school, as such terms are defined in section 8101 of the Elementary and Secondary Education Act of 1965 (20 U.S.C. 7801).(5) Obscene material.--The term ``obscene material'' means material that, considered as a whole--(A) appeals to--(i)",,,
200,sex'' means,"Biological man.--The term ``biological man'' means an individual who is recognized as a male on the date of the birth of such individual, based on the genetic and reproductive biological characteristics of such individual.(2) Biological sex.--The term ``biological sex'' means the sex recognized on the date of birth of the individual based on the genetic and reproductive biological characteristics of such individual.(3) Biological woman.--The term ``biological woman'' means an individual who is recognized as a female on the date of the birth of such individual, based on the genetic and reproductive biological characteristics of such individual.(4) Covered school.--The term ``covered school'' means an elementary school or secondary school, as such terms are defined in section 8101 of the Elementary and Secondary Education Act of 1965 (20 U.S.C. 7801).(5) Obscene material.--The term ``obscene material'' means material that, considered as a whole--(A) appeals to--(i)",,,
201,biological sex'' means,"Biological man.--The term ``biological man'' means an individual who is recognized as a male on the date of the birth of such individual, based on the genetic and reproductive biological characteristics of such individual.(2) Biological sex.--The term ``biological sex'' means the sex recognized on the date of birth of the individual based on the genetic and reproductive biological characteristics of such individual.(3) Biological woman.--The term ``biological woman'' means an individual who is recognized as a female on the date of the birth of such individual, based on the genetic and reproductive biological characteristics of such individual.(4) Covered school.--The term ``covered school'' means an elementary school or secondary school, as such terms are defined in section 8101 of the Elementary and Secondary Education Act of 1965 (20 U.S.C. 7801).(5) Obscene material.--The term ``obscene material'' means material that, considered as a whole--(A) appeals to--(i)",,,
202,biological woman'' means,"Biological man.--The term ``biological man'' means an individual who is recognized as a male on the date of the birth of such individual, based on the genetic and reproductive biological characteristics of such individual.(2) Biological sex.--The term ``biological sex'' means the sex recognized on the date of birth of the individual based on the genetic and reproductive biological characteristics of such individual.(3) Biological woman.--The term ``biological woman'' means an individual who is recognized as a female on the date of the birth of such individual, based on the genetic and reproductive biological characteristics of such individual.(4) Covered school.--The term ``covered school'' means an elementary school or secondary school, as such terms are defined in section 8101 of the Elementary and Secondary Education Act of 1965 (20 U.S.C. 7801).(5) Obscene material.--The term ``obscene material'' means material that, considered as a whole--(A) appeals to--(i)",,,
203,sex' means,the term `sex' means sex determined solely by a person's reproductive biology and genetics at birth; and``(2) the term `sex-segregated' means limited to or separated by sex.,,,